<?xml version="1.0" encoding="UTF-8"?>
<root>
  <item name="com.zane.androidupnpdemo.connect_tv.control.ClingPlayControl int getCurrentState()">
    <annotation name="android.support.annotation.IntDef">
      <val name="value" val="{com.zane.androidupnpdemo.connect_tv.entity.DLANPlayState.PLAY, com.zane.androidupnpdemo.connect_tv.entity.DLANPlayState.PAUSE, com.zane.androidupnpdemo.connect_tv.entity.DLANPlayState.STOP, com.zane.androidupnpdemo.connect_tv.entity.DLANPlayState.BUFFER, com.zane.androidupnpdemo.connect_tv.entity.DLANPlayState.ERROR}" />
    </annotation>
  </item>
  <item name="com.zane.androidupnpdemo.connect_tv.control.ClingPlayControl mCurrentState">
    <annotation name="android.support.annotation.IntDef">
      <val name="value" val="{com.zane.androidupnpdemo.connect_tv.entity.DLANPlayState.PLAY, com.zane.androidupnpdemo.connect_tv.entity.DLANPlayState.PAUSE, com.zane.androidupnpdemo.connect_tv.entity.DLANPlayState.STOP, com.zane.androidupnpdemo.connect_tv.entity.DLANPlayState.BUFFER, com.zane.androidupnpdemo.connect_tv.entity.DLANPlayState.ERROR}" />
    </annotation>
  </item>
  <item name="com.zane.androidupnpdemo.connect_tv.control.ClingPlayControl void setCurrentState(int) 0">
    <annotation name="android.support.annotation.IntDef">
      <val name="value" val="{com.zane.androidupnpdemo.connect_tv.entity.DLANPlayState.PLAY, com.zane.androidupnpdemo.connect_tv.entity.DLANPlayState.PAUSE, com.zane.androidupnpdemo.connect_tv.entity.DLANPlayState.STOP, com.zane.androidupnpdemo.connect_tv.entity.DLANPlayState.BUFFER, com.zane.androidupnpdemo.connect_tv.entity.DLANPlayState.ERROR}" />
    </annotation>
  </item>
</root>

